true,pred,n,model_error,ambiguous
SL,FC,2851,0.3297088740792704,0.6215363030515608
FC,FF,2287,0.030170529077393964,0.9567118495846086
FC,SL,1901,0.16096791162546029,0.8001052077853761
SL,ST,1869,0.0599250936329588,0.8539325842696629
SI,FF,1751,0.4117647058823529,0.5750999428897773
ST,SL,1665,0.11651651651651651,0.6630630630630631
FS,CH,1646,0.1798298906439854,0.775820170109356
KC,CU,1075,0.06976744186046512,0.7144186046511628
FF,SI,928,0.2672413793103448,0.709051724137931
CU,KC,811,0.6177558569667078,0.2885326757090012
CH,FS,735,0.5156462585034014,0.454421768707483
KC,SL,678,0.0058997050147492625,0.7271386430678466
CU,ST,659,0.12291350531107739,0.6494688922610015
CU,SL,628,0.11464968152866242,0.5875796178343949
ST,SV,429,0.19813519813519814,0.3939393939393939
SL,CU,313,0.16613418530351437,0.4185303514376997
SL,KC,292,0.4041095890410959,0.2773972602739726
ST,CU,215,0.07906976744186046,0.28837209302325584
FF,FC,166,0.46987951807228917,0.4879518072289157
CH,SI,165,0.10303030303030303,0.806060606060606
SL,SV,162,0.3395061728395062,0.037037037037037035
SL,FS,121,0.9917355371900827,0.0
ST,FC,97,0.030927835051546393,0.29896907216494845
SL,CH,83,0.3253012048192771,0.6024096385542169
CU,SV,77,0.33766233766233766,0.2077922077922078
SI,CH,75,0.38666666666666666,0.4533333333333333
ST,KC,63,0.06349206349206349,0.19047619047619047
FC,SI,53,0.1320754716981132,0.20754716981132076
SV,CU,50,0.0,0.8
FF,FS,42,1.0,0.0
SV,ST,38,0.0,0.34210526315789475
CU,FF,34,0.0,0.0
CH,FC,33,0.030303030303030304,0.3939393939393939
SI,FC,28,0.03571428571428571,0.17857142857142858
SI,FS,25,0.08,0.2
SV,SL,21,0.0,0.8095238095238095
FS,SI,21,0.0,0.8095238095238095
SL,FF,15,0.2,0.4
CU,CH,10,0.8,0.2
CH,SL,9,0.2222222222222222,0.3333333333333333
CU,FC,9,0.0,0.0
KC,ST,8,0.0,0.25
CH,FF,8,0.125,0.75
FF,CH,8,1.0,0.0
FC,ST,7,0.0,0.2857142857142857
FS,SL,6,0.16666666666666666,0.8333333333333334
FC,CH,5,0.2,0.2
FS,FF,5,0.0,0.8
FF,SL,3,0.0,0.3333333333333333
KC,SV,3,0.0,0.0
SV,KC,2,0.0,0.0
CH,KC,2,0.5,0.0
FC,KC,2,0.0,0.5
SL,SI,2,0.5,0.0
FC,SV,2,0.0,0.0
SI,SV,2,1.0,0.0
SI,SL,2,0.5,0.0
FS,FC,2,0.5,0.0
SI,CU,2,1.0,0.0
FC,FS,1,1.0,0.0
ST,CH,1,0.0,0.0
CU,SI,1,0.0,0.0
CU,FS,1,1.0,0.0
KC,FS,1,0.0,1.0
CH,CU,1,0.0,0.0
