seed,features,model,accuracy,macro_f1,log_loss,n_train,n_test,test_pitchers
0,A_absolute,logistic,0.8228611948236129,0.6370822985912159,0.5591950819938677,250000,141025,145
0,A_absolute,gbm,0.8110618684630385,0.620030550208007,0.6113913361129429,250000,141025,145
0,B_relative,logistic,0.8555929799680908,0.6849604608242168,0.45968237009133855,250000,141025,145
0,B_relative,gbm,0.8425314660521184,0.6599435121581642,0.5449151159797698,250000,141025,145
1,A_absolute,logistic,0.8182372346528973,0.6227636967658479,0.5576254916829405,250000,139440,145
1,A_absolute,gbm,0.8051778542742398,0.605767619407213,0.5664451276543832,250000,139440,145
1,B_relative,logistic,0.8336560527825588,0.639111154354196,0.477291004666953,250000,139440,145
1,B_relative,gbm,0.8200659781985083,0.6155668005737293,0.5574464685261028,250000,139440,145
2,A_absolute,logistic,0.8373822223181959,0.6556926224003764,0.4208019032476065,250000,138927,145
2,A_absolute,gbm,0.8298099001633952,0.6521519377919256,0.4999989221440882,250000,138927,145
2,B_relative,logistic,0.8553340963239687,0.6610985254308795,0.37932730778867635,250000,138927,145
2,B_relative,gbm,0.8531530947907894,0.6561821343790027,0.4076362008671447,250000,138927,145
3,A_absolute,logistic,0.8171080979964651,0.6194860577574445,0.49289197251376937,250000,155026,145
3,A_absolute,gbm,0.8019299988389045,0.6060543764902204,0.9828566290014916,250000,155026,145
3,B_relative,logistic,0.8538180692270974,0.6512902226649622,0.42904635786802703,250000,155026,145
3,B_relative,gbm,0.8510830441345323,0.6527537924313777,0.4799936714518878,250000,155026,145
4,A_absolute,logistic,0.8281018610402895,0.6504645295213219,0.43663200256511364,250000,131002,145
4,A_absolute,gbm,0.8126517152409887,0.6224999196618707,0.6828546095760389,250000,131002,145
4,B_relative,logistic,0.8465290606250286,0.6653172816068754,0.4008736711023005,250000,131002,145
4,B_relative,gbm,0.8371017236378071,0.6501981964952861,0.5913244822503995,250000,131002,145
